Customer ID,Country,Total Purchases,Sign-up Date
1015,Palestinian Territory,12,2022-04-03 21:42:29.000000000
1029,China,47,2016-01-08 03:13:12.000000000
1025,Nigeria,10,2023-02-20 19:06:14.000000000
1006,United Kingdom,48,2022-05-26 12:46:35.000000000
1024,Philippines,16,2016-12-13 03:44:04.000000000
1033,Indonesia,20,2016-05-26 22:29:44.000000000
1017,Paraguay,14,2022-09-08 16:30:56.000000000
1035,Honduras,15,2021-04-14 18:55:03.000000000
1029,Argentina,14,2020-11-01 10:21:03.000000000
1014,China,3,2020-04-14 00:51:05.000000000
1017,Peru,31,2023-01-07 16:20:18.000000000
1033,Russia,13,2016-08-16 18:47:43.000000000
1018,Macedonia,30,2017-03-01 23:49:09.000000000
1017,Poland,43,2018-11-14 18:47:32.000000000
1000,Indonesia,7,2023-11-05 04:59:29.000000000
1026,Serbia,35,2020-04-02 13:55:13.000000000
1010,Iran,12,2019-04-27 13:07:33.000000000
1002,Syria,45,2022-09-30 01:55:04.000000000
1010,Philippines,29,2022-06-20 01:25:55.000000000
1004,Dominican Republic,15,2019-07-04 11:11:43.000000000
1023,China,26,2018-12-25 07:00:32.000000000
1018,Russia,5,2020-09-29 15:13:23.000000000
1030,Georgia,43,2017-01-09 15:41:48.000000000
1011,Indonesia,28,2015-06-23 21:28:17.000000000
1025,United States,33,2019-11-15 06:48:51.000000000
1011,Portugal,11,2018-11-22 18:17:52.000000000
1025,Brazil,34,2019-04-26 02:37:16.000000000
1019,Brazil,4,2022-12-04 16:38:07.000000000
1009,Lebanon,15,2018-08-09 09:08:47.000000000
1000,Jamaica,3,2019-01-02 02:54:55.000000000
1032,Egypt,24,2018-03-06 03:30:05.000000000
1025,China,12,2017-07-19 23:44:55.000000000
1011,United States,13,2019-09-15 05:22:50.000000000
1033,Azerbaijan,1,2016-04-20 14:46:40.000000000
1011,Russia,26,2017-12-07 08:03:34.000000000
1011,China,12,2015-07-08 13:46:11.000000000
1026,Angola,1,2016-12-13 15:42:47.000000000
1025,Russia,41,2017-09-01 10:12:41.000000000
1015,Russia,47,2018-01-18 09:30:47.000000000
1013,Indonesia,19,2015-04-03 05:42:24.000000000
1016,Colombia,35,2021-02-06 01:56:09.000000000
1012,China,40,2023-03-31 08:00:14.000000000
1034,Japan,41,2021-08-22 22:16:23.000000000
1004,China,8,2023-01-07 05:26:24.000000000
1034,China,16,2015-07-30 21:34:35.000000000
1028,Nigeria,32,2017-12-11 03:36:31.000000000
1011,Indonesia,11,2016-06-07 19:26:37.000000000
1011,Guatemala,24,2021-04-24 07:35:17.000000000
1014,Brazil,45,2020-08-20 04:01:37.000000000
1030,Republic of the Congo,21,2016-03-03 02:30:01.000000000
1021,Brazil,12,2021-02-14 04:34:51.000000000
1024,Bulgaria,31,2018-07-15 11:22:30.000000000
1011,Greece,16,2022-08-02 05:30:14.000000000
1028,Russia,1,2015-10-08 23:23:59.000000000
1000,Indonesia,18,2023-10-24 10:40:41.000000000
1020,Lebanon,46,2024-01-27 00:36:20.000000000
1025,China,8,2018-05-16 18:31:34.000000000
1024,China,35,2019-05-02 22:37:24.000000000
1001,Peru,35,2023-02-12 01:34:01.000000000
1010,Czech Republic,9,2017-12-04 09:18:22.000000000
1029,China,44,2021-09-24 07:26:41.000000000
1008,France,27,2017-11-15 19:42:48.000000000
1014,Philippines,47,2023-05-10 22:53:55.000000000
1000,Madagascar,28,2016-11-07 02:27:16.000000000
1019,Madagascar,7,2021-06-27 23:45:52.000000000
1026,France,34,2017-05-03 00:26:29.000000000
1001,Russia,45,2017-08-06 09:46:41.000000000
1013,China,47,2018-03-31 04:31:27.000000000
1029,Laos,6,2018-06-12 12:50:35.000000000
1019,Japan,43,2022-07-15 10:21:19.000000000
1009,Brazil,42,2017-04-23 20:58:15.000000000
1007,Russia,10,2016-02-10 04:20:23.000000000
1028,China,21,2019-11-13 02:16:43.000000000
1003,Indonesia,1,2020-02-13 04:50:04.000000000
1032,Russia,40,2023-03-28 10:09:32.000000000
1030,Indonesia,36,2022-08-23 07:45:59.000000000
1014,Sweden,16,2015-10-06 10:14:42.000000000
1005,Poland,3,2021-01-12 01:23:50.000000000
1016,Sweden,47,2017-05-10 05:49:34.000000000
1015,China,31,2022-06-18 15:46:54.000000000
1018,China,1,2018-06-18 04:14:11.000000000
1012,France,7,2022-04-18 00:59:16.000000000
1021,France,8,2019-10-17 16:39:20.000000000
1019,Slovenia,43,2023-07-08 13:10:54.000000000
1007,Indonesia,29,2023-11-25 17:46:32.000000000
1003,Indonesia,25,2019-03-07 23:30:26.000000000
1016,Peru,42,2021-09-01 20:45:15.000000000
1034,Bolivia,3,2016-11-17 16:05:09.000000000
1005,Indonesia,40,2016-08-20 00:07:02.000000000
1029,China,10,2023-02-28 01:35:20.000000000
1014,China,37,2019-11-21 06:33:00.000000000
1015,China,8,2021-07-29 17:42:24.000000000
1015,Argentina,45,2019-07-27 02:56:14.000000000
1016,Brazil,27,2021-01-09 18:33:36.000000000
1007,Syria,1,2023-07-28 21:28:27.000000000
1023,Dominican Republic,20,2017-04-13 07:53:47.000000000
1035,China,38,2017-01-24 15:24:21.000000000
1026,Argentina,42,2020-10-19 17:01:25.000000000
1017,Finland,24,2021-03-02 10:31:54.000000000
1023,Indonesia,23,2019-02-15 01:54:36.000000000
1018,Afghanistan,3,2018-02-28 10:53:30.000000000
1010,Morocco,24,2018-12-29 11:13:37.000000000
1022,Portugal,45,2022-09-30 12:41:45.000000000
1023,Indonesia,12,2019-02-05 18:49:18.000000000
1017,Yemen,13,2016-03-05 16:44:07.000000000
1029,China,4,2019-04-04 10:02:42.000000000
1008,Ukraine,37,2020-07-12 16:04:22.000000000
1016,China,24,2017-11-08 22:29:39.000000000
1011,Czech Republic,37,2024-02-29 22:35:54.000000000
1012,Azerbaijan,30,2023-09-20 20:08:12.000000000
1014,Argentina,10,2021-08-08 09:29:52.000000000
1000,Venezuela,31,2020-11-03 13:10:26.000000000
1018,China,9,2017-03-09 21:50:35.000000000
1004,Somalia,39,2019-01-29 14:31:45.000000000
1011,Ukraine,23,2021-01-08 09:22:41.000000000
1033,France,30,2023-01-01 01:06:31.000000000
1033,Norway,47,2020-11-24 13:14:46.000000000
1029,Democratic Republic of the Congo,2,2018-05-08 01:42:03.000000000
1017,Portugal,32,2022-03-28 06:12:59.000000000
1023,Brazil,21,2015-12-11 14:51:21.000000000
1029,Guatemala,41,2017-05-29 09:02:53.000000000
1034,Russia,7,2023-09-05 21:35:15.000000000
1008,France,19,2017-07-11 08:16:08.000000000
1017,Sweden,2,2018-03-29 12:31:16.000000000
1032,Philippines,34,2017-09-01 23:42:32.000000000
1034,Ivory Coast,17,2021-04-17 05:04:04.000000000
1008,Mongolia,28,2021-09-19 09:27:41.000000000
1001,Mauritius,15,2019-12-15 23:25:05.000000000
1004,Ireland,27,2018-03-16 11:35:02.000000000
1018,Indonesia,16,2018-05-01 03:26:00.000000000
1025,China,29,2017-10-06 02:43:13.000000000
1001,China,40,2022-02-07 20:52:30.000000000
1031,Ireland,31,2018-05-24 19:19:29.000000000
1009,Nigeria,10,2017-09-07 15:02:25.000000000
1016,China,4,2023-06-27 18:20:21.000000000
1029,China,46,2017-01-26 00:53:19.000000000
1019,Poland,35,2021-03-09 00:13:13.000000000
1011,Russia,39,2021-01-15 17:42:43.000000000
1000,Argentina,11,2019-05-27 19:16:12.000000000
1032,Yemen,15,2018-10-10 20:28:30.000000000
1002,Canada,36,2020-05-25 08:03:32.000000000
1013,Indonesia,41,2016-02-27 16:36:48.000000000
1016,Netherlands,30,2022-12-27 10:54:56.000000000
1003,Philippines,14,2017-12-25 10:51:25.000000000
1018,Poland,39,2021-07-27 07:55:59.000000000
1027,Swaziland,4,2016-12-08 17:22:28.000000000
1025,Slovenia,6,2018-09-25 08:00:49.000000000
1011,Turkmenistan,9,2022-05-18 01:12:14.000000000
1018,China,35,2023-06-12 05:17:27.000000000
1013,Peru,2,2021-10-25 10:13:06.000000000
1000,Kyrgyzstan,11,2015-07-30 20:25:06.000000000
1002,Indonesia,45,2017-03-14 09:50:16.000000000
1033,Russia,34,2018-01-06 11:32:00.000000000
1004,China,47,2021-07-17 18:15:10.000000000
1013,Russia,20,2021-07-05 01:10:24.000000000
1031,Finland,39,2022-01-06 06:52:42.000000000
1026,Indonesia,14,2017-11-10 08:48:25.000000000
1029,China,24,2023-10-10 03:51:20.000000000
1034,Ukraine,19,2017-09-08 00:50:55.000000000
1001,Indonesia,12,2017-11-21 06:19:29.000000000
1024,Czech Republic,25,2017-07-12 16:32:23.000000000
1009,Peru,32,2021-06-02 14:33:48.000000000
1023,Russia,9,2018-07-23 16:52:58.000000000
1030,Madagascar,14,2020-03-16 14:08:18.000000000
1024,Sweden,18,2021-12-22 05:40:17.000000000
1002,Japan,39,2017-03-27 15:48:23.000000000
1035,China,37,2020-04-06 04:11:34.000000000
1035,Indonesia,17,2017-07-23 20:47:46.000000000
1027,Colombia,22,2020-05-25 10:44:12.000000000
1013,Croatia,9,2020-12-18 00:28:15.000000000
1025,China,20,2015-07-24 08:22:27.000000000
1017,Indonesia,31,2015-06-17 16:11:30.000000000
1035,China,39,2021-11-01 12:13:11.000000000
1030,Indonesia,39,2017-07-16 22:04:35.000000000
1032,Russia,6,2023-01-19 14:06:34.000000000
1014,Philippines,13,2015-09-29 00:58:45.000000000
1035,Belarus,45,2021-08-29 04:02:35.000000000
1026,China,11,2020-03-11 12:50:19.000000000
1031,Brazil,4,2023-09-10 14:21:02.000000000
1021,Indonesia,44,2022-12-31 15:19:06.000000000
1020,Mexico,7,2018-09-21 04:58:55.000000000
1021,Indonesia,30,2017-01-14 07:08:52.000000000
1035,China,38,2021-09-04 05:58:11.000000000
1009,Malaysia,45,2020-06-01 02:50:33.000000000
1026,Uganda,1,2021-07-28 13:17:47.000000000
1022,China,32,2022-04-30 03:43:52.000000000
1028,Portugal,17,2023-02-11 02:36:41.000000000
1014,Poland,1,2021-02-03 20:46:20.000000000
1031,Indonesia,23,2015-11-28 14:50:25.000000000
1022,Slovenia,42,2018-09-01 16:29:28.000000000
1005,Bulgaria,44,2022-01-14 14:44:27.000000000
1003,Japan,23,2020-09-09 17:24:00.000000000
1031,China,46,2023-04-12 11:22:10.000000000
1000,Honduras,6,2020-09-14 02:30:33.000000000
1035,Argentina,19,2022-04-13 22:10:12.000000000
1031,China,46,2018-06-19 19:19:27.000000000
1035,Russia,19,2020-07-02 10:53:55.000000000
1022,Poland,8,2022-04-22 04:46:51.000000000
1004,Philippines,15,2019-10-19 05:13:19.000000000
1003,Ireland,35,2016-08-13 15:18:36.000000000
1014,Canada,5,2023-12-22 05:13:35.000000000
1026,Brazil,25,2022-08-02 23:31:56.000000000
1009,Indonesia,31,2017-02-24 12:00:11.000000000
1032,Portugal,9,2017-12-08 21:08:42.000000000
1024,China,30,2024-02-19 23:40:23.000000000
1034,China,25,2016-01-14 15:16:06.000000000
1003,Nigeria,35,2022-07-12 13:29:48.000000000
1008,Morocco,13,2017-03-01 03:22:25.000000000
1011,Vanuatu,22,2019-01-04 20:55:06.000000000
1024,Bulgaria,24,2016-01-29 01:59:48.000000000
1021,China,4,2017-03-29 11:49:49.000000000
1012,Brazil,2,2021-04-01 06:02:33.000000000
1033,Philippines,26,2018-08-23 20:28:57.000000000
1021,Niger,30,2021-04-27 14:21:50.000000000
1032,Belgium,9,2016-04-28 07:57:21.000000000
1025,Czech Republic,34,2017-08-30 08:07:17.000000000
1033,Finland,4,2022-03-06 18:24:30.000000000
1026,Colombia,32,2019-03-08 10:27:12.000000000
1004,China,1,2018-02-06 12:24:06.000000000
1016,Philippines,23,2018-11-04 06:19:43.000000000
1028,Peru,2,2020-10-19 19:15:16.000000000
1006,Brazil,30,2019-01-12 05:53:47.000000000
1005,Poland,41,2020-09-30 09:09:22.000000000
1000,China,34,2023-07-04 00:28:39.000000000
1004,Norway,32,2023-09-16 06:35:29.000000000
1027,Indonesia,5,2019-05-20 06:47:50.000000000
1009,China,23,2020-09-06 23:41:19.000000000
1027,China,38,2022-02-17 09:15:58.000000000
1007,Nigeria,17,2019-07-02 05:11:34.000000000
1002,Indonesia,15,2023-07-21 13:54:12.000000000
1006,Ethiopia,13,2017-08-20 13:53:23.000000000
1003,Thailand,7,2019-01-26 05:55:55.000000000
1026,Hungary,17,2023-02-10 06:09:24.000000000
1033,Indonesia,19,2016-05-09 13:28:06.000000000
1003,Bermuda,3,2016-12-12 08:13:59.000000000
1017,Indonesia,47,2016-12-15 20:59:37.000000000
1028,Canada,44,2022-01-27 13:12:10.000000000
1026,Indonesia,48,2017-01-13 05:23:53.000000000
1031,Canada,4,2022-09-14 21:07:29.000000000
1030,Sweden,33,2016-03-18 21:28:36.000000000
1018,Colombia,10,2022-11-29 19:52:46.000000000
1018,China,42,2018-08-01 04:27:18.000000000
1031,China,25,2017-06-10 21:42:14.000000000
1021,Ukraine,19,2019-07-06 09:57:15.000000000
1034,France,17,2024-01-03 12:07:32.000000000
1006,Indonesia,28,2016-01-22 14:06:54.000000000
1027,China,14,2023-08-16 23:54:16.000000000
1032,China,22,2016-05-30 00:49:17.000000000
1020,Mexico,39,2023-12-31 11:31:00.000000000
1010,Indonesia,44,2019-06-21 07:21:05.000000000
1007,Nigeria,43,2017-09-13 23:48:37.000000000
1000,China,21,2020-04-03 11:35:58.000000000
1008,China,17,2021-05-17 01:10:14.000000000
1019,Nigeria,26,2019-04-26 16:31:38.000000000
1007,China,45,2016-03-20 10:31:21.000000000
1028,Brazil,36,2015-11-21 21:42:13.000000000
1017,Indonesia,29,2022-02-08 15:45:56.000000000
1035,Russia,48,2022-07-21 05:36:50.000000000
1030,Azerbaijan,6,2019-07-19 13:46:44.000000000
1028,Lebanon,9,2020-08-29 16:08:50.000000000
1010,Afghanistan,20,2017-03-05 17:33:23.000000000
1022,Portugal,9,2015-06-05 07:46:03.000000000
1028,Vietnam,4,2019-05-08 03:52:24.000000000
1025,Argentina,35,2016-10-09 07:55:24.000000000
1009,China,45,2016-04-18 03:42:48.000000000
1007,Democratic Republic of the Congo,36,2023-10-08 20:35:23.000000000
1012,Russia,20,2020-06-21 12:34:26.000000000
1026,China,14,2017-05-21 10:53:34.000000000
1034,Trinidad and Tobago,13,2016-10-06 20:46:39.000000000
1031,Armenia,41,2015-05-21 19:24:16.000000000
1018,Macedonia,22,2020-10-17 05:18:14.000000000
1027,China,8,2016-05-22 18:21:21.000000000
1030,Russia,22,2015-09-19 08:47:36.000000000
1016,Canada,33,2023-01-12 02:56:16.000000000
1023,Indonesia,12,2019-03-15 22:49:54.000000000
1008,Russia,3,2016-06-03 14:17:38.000000000
1013,Armenia,32,2016-04-13 06:33:56.000000000
1025,China,23,2021-07-29 02:02:27.000000000
1014,Japan,22,2023-11-01 14:05:54.000000000
1033,Argentina,16,2018-12-23 09:10:31.000000000
1015,Peru,25,2015-07-07 17:10:23.000000000
1010,China,35,2018-05-29 05:42:56.000000000
1030,Lithuania,32,2018-09-17 14:19:52.000000000
1028,Philippines,11,2020-12-23 11:59:53.000000000
1004,Colombia,38,2020-09-12 12:28:18.000000000
1015,Slovenia,7,2017-09-10 04:27:07.000000000
1006,Chile,8,2015-07-31 20:32:25.000000000
1007,Albania,3,2018-06-01 02:04:31.000000000
1003,Ukraine,46,2021-12-26 17:42:24.000000000
1008,Indonesia,19,2016-12-11 14:51:46.000000000
1023,Indonesia,10,2016-10-23 09:02:44.000000000
1023,France,21,2022-06-09 00:26:42.000000000
1008,Pakistan,35,2015-07-22 15:57:09.000000000
1020,United Kingdom,9,2023-08-22 02:34:37.000000000
1010,Sweden,4,2019-03-19 06:50:22.000000000
1033,Portugal,43,2015-04-19 13:56:53.000000000
1002,Vietnam,22,2019-09-21 09:40:44.000000000
1031,Indonesia,9,2017-12-27 22:15:58.000000000
1015,Brazil,14,2015-07-17 00:56:29.000000000
1008,Aruba,11,2019-09-27 12:12:38.000000000
1029,Indonesia,30,2016-04-28 10:19:27.000000000
1019,China,41,2020-02-08 21:49:40.000000000
1029,Portugal,22,2019-10-27 08:43:36.000000000
1017,China,48,2017-02-01 00:08:04.000000000
1000,Brazil,16,2023-10-20 06:52:01.000000000
1034,Indonesia,48,2020-04-22 21:19:08.000000000
1033,Sierra Leone,2,2016-08-24 16:13:24.000000000
1018,Colombia,43,2020-02-28 17:22:41.000000000
1006,Cameroon,16,2016-05-25 16:04:27.000000000
1026,China,4,2019-05-31 21:42:11.000000000
1021,Indonesia,47,2019-12-29 16:32:10.000000000
1031,Mexico,30,2022-11-01 17:32:25.000000000
1000,Fiji,44,2024-02-07 11:50:49.000000000
1034,Russia,5,2020-08-21 01:51:56.000000000
1026,China,28,2021-07-31 20:24:48.000000000
1011,Cuba,43,2020-12-31 19:54:47.000000000
1022,Indonesia,34,2018-06-01 20:19:18.000000000
1029,Russia,45,2015-04-14 00:05:50.000000000
1009,Sri Lanka,1,2023-05-06 15:33:49.000000000
1012,Bolivia,3,2021-07-11 04:18:33.000000000
1018,France,16,2016-06-28 00:41:26.000000000
1012,Cambodia,38,2019-02-06 15:41:08.000000000
1024,China,17,2020-02-21 17:56:43.000000000
1006,China,28,2019-12-13 07:01:09.000000000
1000,Indonesia,7,2019-08-17 14:14:07.000000000
1027,Brazil,4,2024-02-02 05:54:00.000000000
1032,Portugal,29,2018-03-10 16:08:46.000000000
1002,Brazil,15,2022-11-08 00:32:41.000000000
1005,Russia,9,2021-06-11 07:37:08.000000000
1027,Indonesia,25,2022-01-20 04:44:19.000000000
1006,Latvia,27,2020-10-23 21:48:03.000000000
1022,China,47,2016-01-08 05:39:14.000000000
1002,China,17,2021-06-16 01:56:17.000000000
1013,China,16,2019-01-17 17:00:39.000000000
1021,Russia,19,2015-10-17 12:10:13.000000000
1029,Poland,35,2021-02-09 01:23:37.000000000
1023,France,38,2015-07-12 02:07:59.000000000
1007,Brazil,10,2020-03-17 15:17:03.000000000
1025,Indonesia,18,2017-10-17 23:10:36.000000000
1024,Egypt,38,2019-01-23 01:48:09.000000000
1009,China,22,2021-06-07 05:49:57.000000000
1007,China,46,2019-04-14 18:33:32.000000000
1005,Indonesia,10,2018-11-18 17:59:56.000000000
1035,Ethiopia,1,2015-10-19 09:22:36.000000000
1016,Panama,30,2020-09-24 00:52:48.000000000
1002,Russia,36,2022-06-01 23:49:32.000000000
1024,Russia,45,2016-11-07 18:28:09.000000000
1024,Greece,45,2018-07-25 14:21:30.000000000
1000,Uzbekistan,26,2021-06-27 18:45:23.000000000
1000,Indonesia,30,2019-06-23 20:54:46.000000000
1005,China,31,2018-08-16 11:55:26.000000000
1012,Hungary,44,2016-03-23 22:18:12.000000000
1023,Finland,20,2018-12-22 17:53:22.000000000
1004,Indonesia,29,2021-10-19 04:09:18.000000000
1032,Czech Republic,41,2023-11-03 00:37:39.000000000
1033,Indonesia,14,2020-05-08 05:19:20.000000000
1011,China,36,2022-08-28 18:47:05.000000000
1025,Ethiopia,37,2018-05-02 21:19:27.000000000
1014,Philippines,23,2016-10-27 20:52:36.000000000
1000,Brazil,15,2023-03-07 05:17:01.000000000
1024,Philippines,5,2018-10-19 22:14:22.000000000
1017,Indonesia,23,2022-02-15 15:15:32.000000000
1015,United States,13,2022-12-17 11:40:43.000000000
1019,China,13,2022-01-27 03:39:56.000000000
1003,Mexico,14,2021-11-01 00:27:00.000000000
1016,Sweden,4,2016-09-14 20:06:09.000000000
1018,Indonesia,38,2019-04-27 00:51:14.000000000
1021,Poland,10,2023-04-22 22:41:12.000000000
1003,Bosnia and Herzegovina,46,2016-02-21 21:21:14.000000000
1025,Czech Republic,39,2022-09-01 03:01:16.000000000
1015,Russia,18,2015-12-05 19:23:25.000000000
1014,Indonesia,37,2020-09-28 06:00:47.000000000
1011,China,5,2020-05-18 00:30:11.000000000
1012,Ukraine,43,2019-10-29 14:20:28.000000000
1023,Czech Republic,10,2023-07-15 07:25:18.000000000
1032,Indonesia,45,2020-11-23 13:19:48.000000000
1017,Indonesia,37,2019-05-17 10:03:47.000000000
1030,Indonesia,8,2021-08-08 18:10:39.000000000
1014,Myanmar,8,2020-01-04 23:27:22.000000000
1032,Mongolia,43,2019-12-21 22:20:41.000000000
1002,China,30,2020-07-11 13:02:10.000000000
1033,Poland,48,2022-01-04 21:30:23.000000000
1005,Brazil,2,2018-03-29 03:25:26.000000000
1030,Philippines,1,2015-09-27 09:56:21.000000000
1009,China,3,2021-04-09 16:01:54.000000000
1008,Sweden,47,2015-08-29 19:25:25.000000000
1018,Ecuador,5,2018-01-22 06:37:41.000000000
1033,China,13,2016-07-04 13:16:09.000000000
1035,Sweden,13,2016-01-08 21:27:22.000000000
1017,Brazil,34,2019-12-02 16:00:10.000000000
1025,France,31,2019-05-31 12:39:02.000000000
1003,China,35,2017-03-14 13:26:23.000000000
1021,Indonesia,36,2018-10-30 02:46:55.000000000
1008,Mauritius,33,2021-05-19 08:39:18.000000000
1015,Indonesia,22,2020-06-25 06:21:36.000000000
1027,Russia,30,2023-10-15 00:59:07.000000000
1002,China,16,2017-08-05 19:55:45.000000000
1005,China,29,2021-02-27 16:50:17.000000000
1023,China,3,2023-11-28 03:00:03.000000000
1034,Uganda,6,2015-11-25 17:10:58.000000000
1008,Japan,32,2016-09-21 20:27:21.000000000
1015,China,32,2017-04-30 11:45:06.000000000
1033,United States,10,2020-06-16 15:58:03.000000000
1000,China,41,2021-12-15 12:55:37.000000000
1014,Luxembourg,38,2015-12-24 09:14:28.000000000
1028,Portugal,4,2016-10-11 12:12:40.000000000
1020,South Africa,21,2016-02-09 08:31:35.000000000
1018,France,42,2016-11-16 16:53:24.000000000
1000,China,25,2015-12-26 22:59:44.000000000
1004,Mexico,23,2015-09-04 23:57:51.000000000
1008,Russia,3,2022-03-24 15:00:16.000000000
1013,China,36,2018-08-30 17:58:35.000000000
1035,Czech Republic,6,2023-01-24 18:09:35.000000000
1013,Portugal,26,2017-09-09 11:03:50.000000000
1010,Mexico,42,2016-04-30 15:55:25.000000000
1024,China,31,2021-06-06 00:29:51.000000000
1028,Thailand,11,2015-08-10 01:08:10.000000000
1015,Iran,36,2022-03-03 17:28:47.000000000
1029,Indonesia,40,2020-04-12 05:15:27.000000000
1025,Ecuador,32,2015-05-27 19:40:51.000000000
1021,China,14,2018-05-17 19:42:59.000000000
1005,United States,42,2016-01-09 05:52:40.000000000
1032,China,29,2019-03-04 21:34:56.000000000
1003,China,21,2016-12-22 01:52:01.000000000
1001,France,17,2023-12-15 05:30:20.000000000
1009,China,24,2023-03-13 23:55:31.000000000
1007,South Africa,23,2024-02-23 07:39:08.000000000
1012,Philippines,17,2020-08-03 18:34:16.000000000
1022,Japan,15,2023-06-10 20:47:52.000000000
1033,China,3,2023-06-22 19:06:15.000000000
1031,China,26,2021-11-25 05:41:41.000000000
1025,Canada,34,2020-06-06 08:24:36.000000000
1011,Palestinian Territory,10,2023-10-01 07:06:20.000000000
1028,United Kingdom,11,2017-04-18 21:14:42.000000000
1013,Greece,18,2023-04-06 06:32:10.000000000
1017,Russia,41,2020-08-16 19:10:37.000000000
1005,Indonesia,35,2016-07-27 10:45:19.000000000
1003,Russia,25,2020-05-19 19:52:45.000000000
1029,Indonesia,18,2021-04-11 08:51:49.000000000
1005,Portugal,20,2015-12-13 03:00:15.000000000
1035,Philippines,36,2021-11-01 09:31:09.000000000
1004,China,47,2017-11-13 09:43:41.000000000
1007,China,45,2021-11-19 18:55:20.000000000
1029,Nigeria,39,2022-03-25 19:20:39.000000000
1014,Poland,29,2016-02-02 06:07:56.000000000
1003,Philippines,38,2023-11-25 12:15:41.000000000
1029,Poland,2,2024-01-11 08:23:15.000000000
1029,Russia,7,2016-11-27 04:45:11.000000000
1026,Iran,47,2023-09-23 09:32:23.000000000
1003,China,46,2021-08-14 11:17:57.000000000
1018,China,44,2020-07-11 08:00:34.000000000
1011,Philippines,5,2020-09-03 09:43:09.000000000
1032,Russia,5,2020-03-02 05:07:05.000000000
1025,Thailand,17,2018-08-21 15:47:29.000000000
1002,Philippines,15,2023-09-30 12:50:53.000000000
1021,Croatia,26,2021-05-21 07:30:33.000000000
1034,Brazil,46,2020-12-15 07:15:56.000000000
1024,Indonesia,3,2023-05-09 12:45:00.000000000
1013,Azerbaijan,4,2022-03-17 05:18:16.000000000
1026,Philippines,2,2016-08-17 03:51:11.000000000
1019,China,47,2022-05-11 12:20:05.000000000
1007,Indonesia,18,2020-12-17 04:02:54.000000000
1021,Peru,19,2019-06-02 11:47:13.000000000
1029,China,33,2020-05-26 16:32:16.000000000
1033,China,27,2016-11-11 16:15:57.000000000
1001,Portugal,2,2018-03-14 19:47:29.000000000
1021,Bulgaria,15,2019-11-13 07:26:03.000000000
1027,Indonesia,41,2017-01-05 21:33:49.000000000
1030,United States,28,2023-05-13 10:15:00.000000000
1021,Niger,31,2022-06-12 20:09:06.000000000
1016,Russia,13,2017-11-20 23:08:36.000000000
1026,Japan,41,2020-04-13 12:23:41.000000000
1009,Lithuania,26,2018-10-22 10:31:34.000000000
1009,Serbia,1,2019-01-17 02:49:16.000000000
1019,Brazil,23,2020-12-14 14:28:15.000000000
1010,United States,4,2023-07-25 13:26:42.000000000
1017,Philippines,28,2018-10-24 00:58:33.000000000
1019,China,35,2017-03-12 19:35:20.000000000
1019,Vietnam,47,2022-01-02 19:28:09.000000000
1017,China,36,2023-02-02 12:43:03.000000000
1022,Thailand,30,2015-10-07 01:32:16.000000000
1008,Philippines,17,2023-05-07 18:21:33.000000000
1013,Brazil,4,2019-12-28 13:04:25.000000000
1027,Democratic Republic of the Congo,6,2020-10-02 14:24:16.000000000
1031,Canada,3,2019-11-23 04:31:54.000000000
1020,Colombia,25,2022-09-10 01:11:45.000000000
1023,China,14,2015-12-24 18:02:57.000000000
1028,Colombia,33,2022-05-28 06:22:54.000000000
1009,Yemen,2,2017-02-13 22:28:35.000000000
1010,Japan,11,2017-05-28 10:15:22.000000000
1000,Poland,18,2020-10-06 10:14:10.000000000
1006,France,14,2019-04-21 02:54:36.000000000
1013,Portugal,22,2016-09-18 21:30:17.000000000
1023,Sweden,6,2015-08-24 04:07:01.000000000
1015,China,11,2016-07-07 11:43:00.000000000
1015,Panama,3,2017-09-08 02:16:06.000000000
1034,Albania,38,2020-08-08 09:35:57.000000000
1011,Russia,42,2018-05-31 16:26:52.000000000
1005,Russia,10,2017-06-02 00:26:11.000000000
1027,Russia,37,2018-07-26 12:52:38.000000000
1030,Azerbaijan,31,2021-06-04 16:09:04.000000000
1028,Madagascar,41,2022-05-16 13:03:57.000000000
1008,Philippines,30,2018-06-18 17:28:20.000000000
1026,China,14,2019-07-04 11:12:42.000000000
1015,China,27,2022-09-03 23:34:36.000000000
1021,Nicaragua,28,2023-02-25 09:03:00.000000000
1012,Palestinian Territory,46,2023-11-22 11:59:22.000000000
1006,United States,28,2016-10-22 02:03:37.000000000
1003,China,41,2021-03-26 05:54:30.000000000
1033,China,13,2015-10-07 22:01:00.000000000
1034,Paraguay,46,2020-10-05 04:27:11.000000000
1005,Indonesia,11,2023-06-18 10:49:44.000000000
1017,China,32,2023-11-29 15:03:30.000000000
1003,Philippines,31,2018-08-24 18:36:18.000000000
1022,Honduras,23,2015-10-18 21:49:54.000000000
1029,Poland,16,2023-05-05 00:44:58.000000000
1025,Norway,45,2022-02-27 08:17:48.000000000
1006,China,39,2017-06-24 00:21:31.000000000
1015,Indonesia,10,2021-04-13 13:12:32.000000000
1027,China,15,2024-01-28 11:07:16.000000000
1014,Micronesia,31,2024-02-05 19:01:42.000000000
1024,Sweden,41,2020-10-26 01:30:04.000000000
1030,Uruguay,7,2023-01-05 16:56:40.000000000
1020,Brazil,41,2019-03-26 17:29:29.000000000
1032,China,43,2019-07-13 03:19:57.000000000
1022,China,28,2018-12-28 01:00:26.000000000
1012,China,44,2023-09-06 08:20:34.000000000
1005,China,17,2020-04-15 19:06:59.000000000
1011,Brazil,34,2016-07-04 17:26:59.000000000
1012,Philippines,28,2016-07-24 03:19:51.000000000
1023,Colombia,41,2020-05-06 11:58:41.000000000
1024,Venezuela,43,2019-09-07 00:29:40.000000000
1019,China,12,2020-10-13 00:00:10.000000000
1032,Philippines,13,2020-04-29 16:36:03.000000000
1026,Sweden,43,2016-08-05 05:18:48.000000000
1009,China,37,2022-12-30 11:06:14.000000000
1005,Indonesia,40,2024-02-22 21:48:12.000000000
1008,Nicaragua,2,2024-01-03 19:42:52.000000000
1007,Ukraine,28,2021-04-06 11:59:11.000000000
1002,Brazil,44,2021-12-03 20:53:17.000000000
1029,Indonesia,23,2017-07-25 12:05:05.000000000
1004,Philippines,19,2017-12-07 02:34:09.000000000
1002,China,13,2017-04-12 05:43:31.000000000
1034,China,47,2024-02-26 18:34:13.000000000
1007,Australia,47,2020-03-28 08:39:34.000000000
1029,Sweden,23,2023-02-25 20:24:38.000000000
1029,Indonesia,29,2018-10-13 11:31:00.000000000
1020,China,15,2023-01-23 19:57:57.000000000
1033,China,2,2023-05-18 13:42:34.000000000
1000,Latvia,17,2019-05-13 01:22:32.000000000
1019,China,34,2022-06-30 20:08:35.000000000
1023,Peru,4,2017-12-25 07:22:00.000000000
1033,Colombia,45,2019-05-08 18:45:08.000000000
1021,Belarus,29,2020-07-29 18:45:52.000000000
1014,Argentina,29,2019-09-03 15:20:54.000000000
1023,Argentina,30,2017-04-21 15:37:05.000000000
1011,Poland,4,2022-08-08 23:07:02.000000000
1020,Brazil,5,2016-09-08 07:02:09.000000000
1017,Nepal,16,2018-09-01 22:16:11.000000000
1024,Argentina,29,2015-07-24 07:53:24.000000000
1023,China,18,2020-05-29 13:35:01.000000000
1029,Georgia,21,2020-04-09 04:31:10.000000000
1004,Philippines,11,2019-05-09 04:46:32.000000000
1018,Zimbabwe,8,2019-05-30 02:47:41.000000000
1022,Russia,7,2016-02-12 21:47:07.000000000
1012,Portugal,4,2020-12-01 04:12:19.000000000
1016,Canada,36,2020-05-08 20:26:32.000000000
1018,Norway,33,2018-08-27 20:40:07.000000000
1025,Russia,28,2017-10-02 15:45:01.000000000
1009,Russia,25,2016-12-30 16:54:32.000000000
1024,Ukraine,20,2021-04-04 20:08:28.000000000
1001,Niger,2,2020-06-20 09:00:28.000000000
1002,Azerbaijan,34,2018-04-23 20:10:17.000000000
1011,United States,39,2022-12-05 04:34:00.000000000
1032,Argentina,34,2017-06-28 03:43:47.000000000
1012,Niger,13,2016-02-29 01:21:52.000000000
1025,Kenya,8,2023-07-03 20:01:55.000000000
1004,Greece,4,2019-08-30 00:56:25.000000000
1015,France,21,2017-05-13 15:25:38.000000000
1016,China,35,2018-06-11 14:15:48.000000000
1008,Japan,38,2021-03-07 18:36:39.000000000
1024,Macedonia,12,2016-10-22 15:54:51.000000000
1025,Finland,42,2023-07-26 07:19:31.000000000
1024,China,28,2017-04-02 00:05:40.000000000
1018,Bulgaria,20,2016-01-07 15:09:55.000000000
1033,Croatia,14,2016-05-27 13:13:55.000000000
1023,Russia,41,2023-05-13 23:02:32.000000000
1000,Canada,25,2021-03-28 02:43:13.000000000
1022,Japan,31,2019-11-25 20:22:15.000000000
1008,Uruguay,40,2018-01-25 03:23:19.000000000
1005,Indonesia,34,2023-08-21 02:13:25.000000000
1005,China,26,2016-10-06 11:20:22.000000000
1012,Syria,19,2016-07-19 21:48:30.000000000
1018,Poland,28,2023-01-08 22:26:35.000000000
1012,China,35,2020-07-10 12:40:11.000000000
1010,Indonesia,37,2022-09-05 04:04:21.000000000
1008,Saudi Arabia,14,2016-01-11 20:55:52.000000000
1007,Indonesia,3,2023-06-29 06:05:13.000000000
1011,Indonesia,4,2020-07-10 17:08:35.000000000
1005,China,42,2017-06-05 20:48:04.000000000
1003,Brazil,15,2022-07-30 05:07:18.000000000
1007,Russia,16,2018-11-02 09:08:59.000000000
1035,Ukraine,5,2018-03-17 22:14:01.000000000
1026,Malaysia,47,2017-01-24 12:04:24.000000000
1020,Senegal,24,2022-01-14 01:17:03.000000000
1025,Philippines,23,2020-02-26 06:52:12.000000000
1000,Thailand,3,2021-09-23 16:22:29.000000000
1010,Brazil,14,2015-11-24 15:49:46.000000000
1010,Russia,24,2021-03-08 11:18:18.000000000
1003,Brazil,34,2023-11-01 22:31:43.000000000
1028,Laos,41,2022-04-24 01:11:07.000000000
1029,Malaysia,12,2016-06-22 17:28:38.000000000
1000,Central African Republic,29,2016-11-21 13:55:19.000000000
1001,Kazakhstan,29,2016-10-03 06:42:35.000000000
1022,Philippines,20,2023-01-29 15:21:13.000000000
1001,Cuba,19,2019-04-22 12:03:33.000000000
1035,China,1,2015-12-10 19:32:42.000000000
1034,Sweden,29,2015-12-06 09:26:45.000000000
1022,Canada,18,2021-12-01 21:00:31.000000000
1023,Afghanistan,1,2021-03-24 08:24:39.000000000
1025,Brazil,43,2018-04-10 22:44:01.000000000
1014,Brazil,46,2023-04-28 22:14:35.000000000
1033,Indonesia,16,2015-04-12 19:24:27.000000000
1032,Indonesia,27,2017-03-14 10:37:42.000000000
1012,United States,39,2019-01-04 11:25:35.000000000
1013,United States,45,2016-12-23 08:08:18.000000000
1000,China,8,2019-11-17 13:19:45.000000000
1029,China,29,2019-08-01 01:57:17.000000000
1015,Russia,27,2018-03-26 04:09:50.000000000
1012,Portugal,38,2016-07-02 12:38:53.000000000
1031,Brazil,17,2020-05-16 04:04:59.000000000
1003,Japan,29,2019-07-29 01:51:20.000000000
1006,Czech Republic,3,2019-02-07 20:15:26.000000000
1025,China,38,2023-07-24 08:55:57.000000000
1004,China,27,2015-11-26 10:22:25.000000000
1009,Russia,11,2022-05-31 17:01:28.000000000
1035,Greece,20,2023-01-26 22:27:32.000000000
1012,Tunisia,44,2023-10-14 08:57:27.000000000
1004,Tanzania,37,2017-08-18 10:48:16.000000000
1011,Sweden,35,2023-05-17 02:14:53.000000000
1012,France,10,2021-09-13 06:01:51.000000000
1025,Chile,21,2015-12-26 10:14:32.000000000
1021,Russia,13,2019-10-14 21:10:48.000000000
1021,Malaysia,5,2015-12-20 21:34:42.000000000
1017,China,19,2017-05-30 00:13:51.000000000
1009,Indonesia,42,2023-02-23 03:49:18.000000000
1017,China,28,2024-01-05 08:11:06.000000000
1001,Russia,29,2015-06-06 12:28:13.000000000
1010,China,39,2017-07-14 01:01:54.000000000
1005,China,9,2023-09-20 15:48:57.000000000
1021,China,12,2017-12-11 03:37:54.000000000
1018,France,44,2023-02-08 15:29:06.000000000
1028,Indonesia,45,2022-06-02 14:18:12.000000000
1034,Indonesia,5,2021-08-28 08:31:30.000000000
1007,South Korea,41,2019-03-23 13:48:50.000000000
1031,China,13,2022-02-12 15:44:54.000000000
1023,Belarus,28,2016-08-09 13:45:00.000000000
1028,Russia,14,2021-05-11 22:07:18.000000000
1025,Comoros,10,2019-10-02 16:00:30.000000000
1011,Philippines,23,2022-03-01 11:04:41.000000000
1013,China,41,2018-10-02 07:01:53.000000000
1003,China,17,2018-09-29 19:01:40.000000000
1014,Syria,19,2016-06-30 00:20:57.000000000
1006,China,6,2015-08-10 02:31:53.000000000
1007,Indonesia,34,2016-01-08 05:23:39.000000000
1026,China,17,2016-02-05 10:51:40.000000000
1000,Philippines,19,2023-08-05 03:05:49.000000000
1000,Portugal,22,2017-01-05 20:45:59.000000000
1018,Russia,13,2017-04-08 02:30:09.000000000
1034,Colombia,20,2017-07-10 07:07:26.000000000
1010,China,41,2017-11-23 15:14:22.000000000
1003,Philippines,11,2023-12-13 22:12:15.000000000
1012,Poland,43,2021-10-01 16:41:08.000000000
1034,Brazil,46,2022-06-11 11:32:03.000000000
1026,Reunion,15,2022-04-19 21:09:43.000000000
1028,Azerbaijan,9,2016-04-04 23:22:14.000000000
1035,Palestinian Territory,38,2022-12-16 20:37:27.000000000
1000,Russia,32,2023-08-24 08:15:07.000000000
1022,Chile,33,2023-06-15 05:56:38.000000000
1029,Russia,30,2016-05-13 05:37:34.000000000
1027,Gambia,39,2023-06-01 06:13:12.000000000
1023,Israel,44,2020-10-24 04:40:24.000000000
1027,Indonesia,41,2016-06-15 18:53:25.000000000
1022,Andorra,11,2021-05-24 00:21:40.000000000
1031,Costa Rica,34,2020-01-27 04:27:35.000000000
1002,Serbia,43,2023-12-28 11:28:58.000000000
1020,Czech Republic,10,2019-04-22 00:30:01.000000000
1000,Sweden,33,2018-09-08 21:55:46.000000000
1002,Ukraine,42,2018-10-21 01:28:13.000000000
1011,Philippines,32,2019-04-10 17:31:42.000000000
1016,Indonesia,35,2018-03-14 22:52:39.000000000
1000,China,6,2018-12-02 21:54:52.000000000
1009,United States,35,2015-11-27 07:35:02.000000000
1031,Mexico,24,2017-05-21 18:29:10.000000000
1016,Philippines,47,2022-12-28 07:13:54.000000000
1026,China,24,2018-06-06 15:38:34.000000000
1030,Mexico,28,2019-05-21 09:39:19.000000000
1030,Argentina,7,2016-05-05 21:17:03.000000000
1035,Azerbaijan,9,2015-11-10 19:29:11.000000000
1019,Mongolia,11,2019-06-16 17:05:15.000000000
1001,Sri Lanka,15,2022-01-05 10:16:19.000000000
1028,China,31,2016-03-19 07:55:33.000000000
1025,Ukraine,22,2016-01-18 03:21:42.000000000
1022,Poland,29,2023-08-14 21:30:11.000000000
1032,Indonesia,30,2015-08-29 20:40:29.000000000
1031,China,20,2020-05-06 07:44:42.000000000
1000,South Africa,13,2023-01-22 21:39:17.000000000
1003,Brazil,8,2020-01-10 05:28:27.000000000
1009,Russia,13,2020-11-09 15:26:20.000000000
1000,Venezuela,2,2023-01-13 16:22:26.000000000
1008,Peru,25,2015-09-06 03:33:30.000000000
1008,Belarus,44,2019-05-07 23:10:46.000000000
1025,United States,37,2018-05-27 23:58:21.000000000
1034,Poland,8,2016-01-17 14:32:33.000000000
1007,Sweden,9,2017-08-15 11:26:18.000000000
1026,Dominican Republic,26,2017-12-25 05:57:27.000000000
1026,Brazil,26,2021-12-12 03:01:58.000000000
1005,Portugal,32,2022-08-29 12:15:12.000000000
1012,Armenia,1,2016-02-12 08:34:39.000000000
1035,North Korea,5,2021-01-22 17:17:35.000000000
1025,China,28,2024-01-05 16:37:10.000000000
1007,China,39,2015-03-18 06:34:41.000000000
1028,Portugal,5,2016-11-12 13:54:37.000000000
1024,Philippines,39,2019-04-04 20:58:58.000000000
1033,Indonesia,7,2020-08-26 05:57:32.000000000
1018,China,29,2021-06-13 14:14:00.000000000
1002,Indonesia,27,2022-08-29 23:04:01.000000000
1007,Russia,21,2021-02-14 07:53:04.000000000
1020,Nigeria,1,2020-04-08 05:48:20.000000000
1006,Macedonia,3,2024-01-18 11:48:17.000000000
1028,Japan,48,2021-02-05 03:37:16.000000000
1000,China,18,2015-06-15 05:32:37.000000000
1019,Philippines,12,2015-08-21 05:04:18.000000000
1024,Panama,13,2015-07-11 16:16:38.000000000
1034,Bosnia and Herzegovina,26,2020-04-23 02:12:56.000000000
1019,China,41,2023-11-15 13:55:25.000000000
1014,Philippines,22,2019-11-06 13:02:42.000000000
1008,China,3,2016-09-24 03:27:44.000000000
1008,Russia,4,2018-03-22 09:56:10.000000000
1022,China,21,2021-09-19 09:36:55.000000000
1024,Brazil,35,2018-12-28 08:35:20.000000000
1025,Russia,3,2018-08-26 13:42:23.000000000
1017,Indonesia,7,2018-05-12 09:15:22.000000000
1019,Czech Republic,15,2018-01-10 13:30:43.000000000
1034,Philippines,17,2023-11-25 01:41:02.000000000
1024,South Africa,16,2023-06-29 16:06:53.000000000
1009,Nigeria,21,2016-08-16 01:46:44.000000000
1012,Angola,29,2022-10-10 22:54:07.000000000
1003,Indonesia,30,2015-09-17 14:03:25.000000000
1014,Thailand,4,2020-12-22 14:40:21.000000000
1031,Venezuela,48,2016-08-20 17:17:43.000000000
1004,Poland,39,2019-02-01 07:12:10.000000000
1020,Honduras,8,2022-03-13 12:13:25.000000000
1021,Brazil,33,2020-03-16 15:18:04.000000000
1026,China,33,2018-03-23 14:43:41.000000000
1010,China,16,2023-08-22 11:02:10.000000000
1007,Brazil,36,2015-10-03 02:10:08.000000000
1000,China,15,2015-06-08 03:25:08.000000000
1025,Yemen,35,2016-10-08 08:46:00.000000000
1031,Morocco,45,2022-05-26 12:31:13.000000000
1022,Czech Republic,47,2019-12-13 19:13:53.000000000
1026,Brazil,44,2019-02-02 01:21:49.000000000
1012,Gambia,4,2020-03-08 08:13:10.000000000
1014,Russia,37,2018-11-25 19:20:36.000000000
1014,Sweden,35,2018-10-23 12:01:42.000000000
1002,Brazil,45,2018-12-12 07:12:34.000000000
1016,Comoros,42,2019-05-05 15:36:31.000000000
1004,Philippines,15,2024-02-02 11:46:58.000000000
1011,United States,26,2018-03-03 13:22:00.000000000
1008,China,37,2022-06-03 21:53:24.000000000
1017,Argentina,18,2022-11-09 22:38:41.000000000
1004,Indonesia,37,2019-11-25 04:51:48.000000000
1018,Vietnam,31,2018-04-07 07:39:43.000000000
1035,Czech Republic,3,2021-02-22 02:41:20.000000000
1024,Brazil,40,2017-12-14 17:16:28.000000000
1010,Portugal,19,2016-12-04 09:38:30.000000000
1017,China,36,2021-10-06 20:47:03.000000000
1001,Brazil,37,2020-04-11 04:06:47.000000000
1020,China,7,2023-10-05 15:18:50.000000000
1007,Ecuador,45,2015-08-19 05:55:50.000000000
1003,Indonesia,16,2020-01-22 11:46:50.000000000
1005,China,46,2021-12-29 13:14:17.000000000
1009,Indonesia,33,2021-12-29 08:07:04.000000000
1012,Sweden,14,2022-02-24 03:27:46.000000000
1001,Italy,44,2018-03-20 17:05:28.000000000
1032,Brazil,42,2016-08-18 12:38:36.000000000
1033,France,48,2021-08-24 17:44:02.000000000
1000,Indonesia,9,2016-12-08 04:02:32.000000000
1015,Indonesia,42,2017-05-08 03:45:28.000000000
1007,Spain,20,2017-10-03 00:22:26.000000000
1028,China,3,2023-09-22 16:50:52.000000000
1027,Indonesia,48,2021-02-24 05:02:45.000000000
1024,Colombia,24,2018-08-31 01:11:29.000000000
1002,Belarus,38,2022-10-21 02:07:45.000000000
1007,United States,39,2022-10-12 13:04:39.000000000
1012,Indonesia,38,2019-08-07 14:29:03.000000000
1004,Philippines,13,2017-06-22 04:07:58.000000000
1030,China,23,2022-05-18 06:36:20.000000000
1033,China,48,2018-02-20 14:03:23.000000000
1010,Poland,48,2020-07-06 02:35:15.000000000
1009,Philippines,5,2022-06-16 18:20:19.000000000
1019,China,39,2019-01-24 15:07:01.000000000
1033,Ireland,20,2017-12-17 19:08:21.000000000
1026,China,39,2024-02-06 20:16:23.000000000
1033,China,45,2023-07-06 09:45:16.000000000
1033,Poland,30,2023-06-12 23:27:48.000000000
1011,United States,24,2022-07-09 17:33:48.000000000
1034,Liberia,34,2018-07-07 17:21:15.000000000
1025,Guinea-Bissau,3,2018-07-21 14:30:23.000000000
1026,China,15,2020-07-13 17:03:02.000000000
1034,China,3,2016-11-27 00:26:13.000000000
1014,Indonesia,39,2019-11-26 17:47:52.000000000
1028,Nicaragua,29,2018-11-12 03:19:09.000000000
1012,China,46,2016-11-06 00:37:55.000000000
1015,China,19,2019-03-09 02:11:30.000000000
1000,Russia,15,2022-11-10 11:39:28.000000000
1033,Poland,3,2015-03-22 05:10:31.000000000
1001,South Africa,39,2020-07-28 17:55:55.000000000
1030,Brazil,20,2020-05-13 04:58:12.000000000
1026,France,12,2022-12-07 18:47:46.000000000
1013,Ukraine,19,2019-09-08 08:26:09.000000000
1024,Thailand,43,2021-02-21 04:20:50.000000000
1022,Guatemala,20,2024-02-27 07:25:00.000000000
1017,Malaysia,20,2020-07-08 05:24:38.000000000
1001,Portugal,24,2023-02-10 23:27:26.000000000
1032,China,31,2015-08-21 18:05:16.000000000
1011,Philippines,31,2019-01-26 19:24:51.000000000
1023,Libya,13,2019-07-18 05:11:37.000000000
1010,Niger,29,2018-05-20 18:18:41.000000000
1032,Indonesia,30,2015-05-21 16:31:26.000000000
1030,Japan,8,2015-11-13 00:51:47.000000000
1006,Philippines,38,2015-08-30 08:40:13.000000000
1007,China,14,2018-09-14 00:06:40.000000000
1022,Indonesia,27,2022-10-30 09:02:54.000000000
1005,Ethiopia,1,2020-01-24 04:14:36.000000000
1002,Nigeria,24,2023-01-01 05:26:01.000000000
1001,China,28,2021-09-30 04:52:14.000000000
1001,Nigeria,40,2021-03-03 16:07:50.000000000
1027,France,1,2023-05-09 15:16:21.000000000
1000,Sweden,28,2020-01-16 11:03:24.000000000
1012,United States,39,2019-10-09 21:38:50.000000000
1027,China,27,2021-04-24 20:43:07.000000000
1015,Colombia,21,2019-12-10 13:50:15.000000000
1026,Mexico,16,2022-11-18 17:37:06.000000000
1022,Indonesia,21,2018-05-24 03:02:14.000000000
1007,Sweden,41,2016-08-14 14:04:06.000000000
1009,Colombia,3,2023-03-30 05:34:45.000000000
1027,Finland,26,2018-09-30 09:58:42.000000000
1026,Egypt,42,2022-04-13 06:53:50.000000000
1001,Australia,17,2017-09-08 20:15:44.000000000
1026,Greece,2,2019-01-21 16:01:59.000000000
1014,China,27,2015-06-05 17:12:31.000000000
1035,Indonesia,47,2018-04-21 16:25:45.000000000
1016,Russia,3,2020-12-10 04:45:21.000000000
1004,Philippines,10,2020-04-17 16:13:28.000000000
1007,Russia,45,2021-09-08 21:15:51.000000000
1031,Sweden,33,2021-10-02 07:16:10.000000000
1034,Poland,2,2022-06-17 15:39:07.000000000
1007,China,44,2015-08-16 19:44:27.000000000
1026,Brazil,45,2020-10-24 14:28:41.000000000
1022,Peru,44,2018-07-14 21:44:32.000000000
1025,Indonesia,23,2015-10-13 20:13:15.000000000
1025,Finland,3,2019-09-29 16:52:36.000000000
1014,Indonesia,5,2016-09-07 06:20:14.000000000
1008,Netherlands,47,2016-05-14 02:01:46.000000000
1002,Democratic Republic of the Congo,6,2017-07-26 18:49:06.000000000
1024,Tunisia,34,2024-02-20 03:35:03.000000000
1035,Canada,48,2015-10-14 10:05:59.000000000
1006,Russia,5,2018-06-18 14:02:42.000000000
1008,China,28,2019-07-05 08:31:58.000000000
1018,Ethiopia,5,2023-12-21 02:25:48.000000000
1003,Indonesia,33,2019-09-01 09:06:59.000000000
1023,Chile,35,2020-05-11 11:47:22.000000000
1001,Botswana,10,2021-09-14 17:41:14.000000000
1019,Argentina,22,2021-03-09 09:21:32.000000000
1000,Bolivia,20,2016-12-08 16:12:13.000000000
1028,Philippines,44,2021-01-16 18:29:33.000000000
1010,Greece,13,2021-09-01 07:51:47.000000000
1029,Saint Kitts and Nevis,9,2018-10-22 11:41:17.000000000
1021,Ethiopia,13,2021-12-29 16:38:13.000000000
1012,Poland,27,2017-08-18 13:23:57.000000000
1012,China,37,2017-06-02 15:47:24.000000000
1006,China,40,2018-09-15 10:59:29.000000000
1003,South Korea,1,2021-08-08 01:23:10.000000000
1004,Yemen,4,2021-05-25 17:45:42.000000000
1030,Czech Republic,14,2022-09-26 07:55:14.000000000
1029,Nigeria,26,2022-06-20 20:11:25.000000000
1020,Macedonia,28,2016-07-18 04:38:25.000000000
1021,Russia,33,2020-08-14 21:49:49.000000000
1012,Uzbekistan,7,2017-07-05 01:42:12.000000000
1002,Japan,32,2015-11-17 13:38:07.000000000
1002,Greece,10,2020-02-07 16:54:30.000000000
1028,Brazil,26,2016-07-02 14:01:26.000000000
1005,Brazil,13,2019-10-26 08:00:18.000000000
1023,Cameroon,7,2020-01-02 10:49:33.000000000
1007,Portugal,42,2016-05-17 20:32:59.000000000
1008,Malaysia,35,2015-07-24 08:43:15.000000000
1033,Philippines,33,2023-05-06 12:49:22.000000000
1033,Nigeria,3,2021-12-06 09:40:33.000000000
1000,Russia,20,2018-07-15 06:45:41.000000000
1018,China,32,2017-12-01 05:44:03.000000000
1034,China,7,2021-12-12 17:25:45.000000000
1023,Poland,25,2024-02-03 00:09:23.000000000
1029,Indonesia,45,2018-01-29 05:19:57.000000000
1002,Belarus,4,2018-01-25 13:17:32.000000000
1019,Bolivia,20,2020-07-28 08:15:35.000000000
1028,Philippines,24,2018-11-16 08:17:12.000000000
1025,Argentina,41,2020-09-23 10:32:21.000000000
1006,China,6,2022-05-09 14:17:12.000000000
1003,China,41,2022-05-10 16:25:11.000000000
1014,Gambia,27,2019-09-02 05:11:22.000000000
1009,Brazil,19,2021-12-13 07:59:42.000000000
1033,Belarus,46,2020-10-30 22:21:37.000000000
1023,China,33,2023-12-22 16:01:34.000000000
1033,China,11,2021-04-16 17:00:15.000000000
1027,Burkina Faso,11,2018-03-22 23:26:44.000000000
1000,Kosovo,20,2019-10-31 20:50:24.000000000
1023,Poland,30,2015-12-10 00:01:05.000000000
1010,China,47,2023-01-20 16:49:03.000000000
1011,Poland,38,2022-03-26 10:29:28.000000000
1012,France,37,2018-04-19 16:28:02.000000000
1003,Azerbaijan,35,2020-10-30 16:34:21.000000000
1020,Indonesia,3,2020-08-01 16:31:40.000000000
1026,Philippines,10,2019-03-24 19:55:20.000000000
1023,France,10,2018-01-16 19:35:02.000000000
1026,Argentina,16,2016-04-06 05:35:48.000000000
1025,China,31,2018-01-13 20:09:26.000000000
1005,China,41,2023-01-07 15:48:55.000000000
1010,Serbia,3,2023-10-19 16:49:53.000000000
1023,China,5,2017-01-16 14:16:32.000000000
1012,Cuba,45,2021-08-14 16:28:23.000000000
1004,Uganda,44,2020-02-15 18:02:10.000000000
1026,Honduras,28,2020-05-25 17:26:32.000000000
1006,Pakistan,21,2020-03-18 05:59:27.000000000
1002,Greece,2,2020-07-23 19:56:48.000000000
1014,Indonesia,21,2023-07-14 22:29:47.000000000
1004,Albania,7,2020-05-02 20:03:56.000000000
1011,China,44,2023-03-18 03:16:42.000000000
1005,Japan,24,2017-10-19 22:05:10.000000000
1009,Indonesia,39,2022-12-11 23:43:00.000000000
1008,Kazakhstan,28,2020-10-19 22:45:14.000000000
1010,Portugal,14,2023-05-20 19:23:46.000000000
1021,Poland,30,2022-12-19 02:19:22.000000000
1017,United States,39,2024-02-24 00:38:18.000000000
1010,Venezuela,38,2023-01-06 16:46:44.000000000
1033,United States,46,2017-12-16 18:59:31.000000000
1030,China,1,2020-08-24 06:16:45.000000000
1010,Myanmar,6,2017-01-31 03:43:42.000000000
1008,Colombia,18,2019-08-26 01:45:24.000000000
1013,Vietnam,27,2015-08-11 23:18:52.000000000
1005,Colombia,27,2022-04-23 17:02:28.000000000
1026,Kazakhstan,11,2019-11-09 04:51:59.000000000
1015,Russia,24,2023-12-04 07:57:25.000000000
1023,Indonesia,33,2018-02-22 09:06:25.000000000
1026,China,8,2018-03-05 15:18:48.000000000
1030,China,3,2020-03-17 12:38:57.000000000
1026,Philippines,9,2019-08-12 04:29:04.000000000
1000,North Korea,37,2020-08-17 18:00:55.000000000
1012,Indonesia,28,2018-09-26 02:14:50.000000000
1010,Finland,25,2024-02-19 02:40:44.000000000
1014,Canada,33,2017-07-19 14:44:37.000000000
1020,Argentina,41,2022-02-05 02:56:25.000000000
1020,Indonesia,3,2016-10-31 07:08:59.000000000
1031,Bolivia,41,2015-10-10 23:53:00.000000000
1021,Colombia,36,2016-08-05 20:15:37.000000000
1014,China,17,2018-03-24 20:34:53.000000000
1021,United States,38,2019-03-13 23:26:13.000000000
1019,China,18,2015-12-06 03:04:03.000000000
1014,Indonesia,1,2019-05-19 20:32:44.000000000
1012,China,10,2021-07-26 04:25:12.000000000
1012,Ecuador,42,2017-09-11 21:19:31.000000000
1004,Greece,32,2017-09-11 20:36:22.000000000
1035,Indonesia,12,2024-02-07 10:47:39.000000000
1034,Russia,3,2015-03-21 11:21:45.000000000
1006,Austria,39,2019-02-21 20:28:59.000000000
1003,China,8,2018-11-02 05:51:33.000000000
1009,Poland,24,2015-12-11 10:27:12.000000000
1013,Serbia,20,2017-08-23 10:22:38.000000000
1008,China,35,2023-11-13 12:19:51.000000000
1018,Indonesia,41,2021-06-03 19:20:48.000000000
1009,New Zealand,7,2021-03-30 08:32:01.000000000
1025,East Timor,2,2016-12-06 13:57:58.000000000
1035,China,24,2019-05-23 01:17:04.000000000
1024,France,2,2023-06-24 21:35:07.000000000
1010,Palestinian Territory,7,2015-09-19 13:37:15.000000000
1015,Indonesia,32,2015-09-29 19:49:44.000000000
1025,China,42,2023-04-16 02:44:30.000000000
1028,China,2,2020-08-08 23:32:03.000000000
1034,Portugal,23,2022-07-13 02:52:18.000000000
1018,Indonesia,12,2018-08-18 05:07:14.000000000
1002,Indonesia,41,2016-02-22 07:05:36.000000000
1029,Thailand,33,2020-08-16 09:32:04.000000000
1021,France,2,2016-10-27 16:35:49.000000000
1030,China,28,2021-12-20 21:59:06.000000000
1018,Indonesia,40,2016-08-23 13:50:45.000000000
1014,Indonesia,31,2019-01-31 10:35:06.000000000
1018,Peru,48,2023-08-26 20:31:46.000000000
1015,Greece,32,2021-01-10 10:30:16.000000000
1031,Russia,29,2023-01-06 14:15:51.000000000
1031,Indonesia,29,2015-07-17 01:44:09.000000000
